{
  "Custom Directory" : "No",
  "Tags" : [

  ],
  "Ansi 12 Color" : {
    "Red Component" : 0.38039215686274508,
    "Color Space" : "sRGB",
    "Blue Component" : 0.792156862745098,
    "Alpha Component" : 1,
    "Green Component" : 0.65098039215686276
  },
  "Ansi 7 Color" : {
    "Green Component" : 0.72941176470588232,
    "Red Component" : 0.72941176470588232,
    "Blue Component" : 0.72941176470588232
  },
  "Draw Powerline Glyphs" : true,
  "Bold Color" : {
    "Green Component" : 1,
    "Red Component" : 1,
    "Blue Component" : 1
  },
  "Ansi 8 Color" : {
    "Red Component" : 0.15294117647058825,
    "Color Space" : "sRGB",
    "Blue Component" : 0.17647058823529413,
    "Alpha Component" : 1,
    "Green Component" : 0.16078431372549021
  },
  "Ansi 9 Color" : {
    "Green Component" : 0.35410711169242859,
    "Red Component" : 0.87806010246276855,
    "Blue Component" : 0.310698002576828
  },
  "Ansi 4 Color" : {
    "Red Component" : 0.35294117647058826,
    "Color Space" : "sRGB",
    "Blue Component" : 0.80000000000000004,
    "Alpha Component" : 1,
    "Green Component" : 0.6588235294117647
  },
  "Rows" : 25,
  "Default Bookmark" : "No",
  "Ansi 5 Color" : {
    "Green Component" : 0.41176470588235292,
    "Red Component" : 0.55686274509803924,
    "Blue Component" : 0.78823529411764703
  },
  "Cursor Guide Color" : {
    "Red Component" : 0.70213186740875244,
    "Color Space" : "sRGB",
    "Blue Component" : 1,
    "Alpha Component" : 0.25,
    "Green Component" : 0.9268307089805603
  },
  "Non-ASCII Anti Aliased" : true,
  "Use Bright Bold" : true,
  "Ansi 10 Color" : {
    "Red Component" : 0.66274509803921566,
    "Color Space" : "sRGB",
    "Blue Component" : 0.45882352941176469,
    "Alpha Component" : 1,
    "Green Component" : 0.84705882352941175
  },
  "Ambiguous Double Width" : false,
  "Jobs to Ignore" : [
    "rlogin",
    "ssh",
    "slogin",
    "telnet"
  ],
  "Ansi 15 Color" : {
    "Green Component" : 0.72941176470588232,
    "Red Component" : 0.72941176470588232,
    "Blue Component" : 0.72941176470588232
  },
  "Foreground Color" : {
    "Green Component" : 0.72941176470588232,
    "Red Component" : 0.72941176470588232,
    "Blue Component" : 0.72941176470588232
  },
  "Working Directory" : "\/Users\/jackrickards",
  "Blinking Cursor" : false,
  "Disable Window Resizing" : true,
  "Sync Title" : false,
  "Prompt Before Closing 2" : false,
  "BM Growl" : true,
  "Mouse Reporting" : true,
  "Command" : "",
  "Description" : "Default",
  "Screen" : -1,
  "Selection Color" : {
    "Green Component" : 0.20000000000000001,
    "Red Component" : 0.18823529411764706,
    "Blue Component" : 0.20000000000000001
  },
  "Columns" : 80,
  "Idle Code" : 0,
  "Background Image Mode" : 0,
  "Ansi 13 Color" : {
    "Green Component" : 0.48405557870864868,
    "Red Component" : 0.58547765016555786,
    "Blue Component" : 0.74324828386306763
  },
  "Custom Command" : "No",
  "ASCII Anti Aliased" : true,
  "Application Keypad Allowed" : false,
  "Non Ascii Font" : "Monaco 12",
  "Vertical Spacing" : 1,
  "Use Bold Font" : true,
  "Option Key Sends" : 0,
  "Selected Text Color" : {
    "Green Component" : 0.72941176470588232,
    "Red Component" : 0.72941176470588232,
    "Blue Component" : 0.72941176470588232
  },
  "Background Color" : {
    "Red Component" : 0.15294117647058825,
    "Color Space" : "sRGB",
    "Blue Component" : 0.17647058823529413,
    "Alpha Component" : 1,
    "Green Component" : 0.16078431372549021
  },
  "Character Encoding" : 4,
  "Ansi 11 Color" : {
    "Red Component" : 0.94509803921568625,
    "Color Space" : "sRGB",
    "Blue Component" : 0.48627450980392156,
    "Alpha Component" : 1,
    "Green Component" : 0.92549019607843142
  },
  "Use Italic Font" : true,
  "Unlimited Scrollback" : false,
  "Keyboard Map" : {
    "0xf702-0x300000" : {
      "Action" : 11,
      "Text" : "0x1"
    },
    "0x39-0x200000" : {
      "Action" : 12,
      "Text" : "9"
    },
    "0xf703-0x300000" : {
      "Action" : 11,
      "Text" : "0x5"
    },
    "0xf702-0x280000" : {
      "Action" : 10,
      "Text" : "b"
    },
    "0xf703-0x280000" : {
      "Action" : 10,
      "Text" : "f"
    },
    "0x38-0x200000" : {
      "Action" : 12,
      "Text" : "8"
    },
    "0x2d-0x200000" : {
      "Action" : 12,
      "Text" : "-"
    },
    "0x3-0x200000" : {
      "Action" : 11,
      "Text" : "0xd"
    },
    "0x37-0x200000" : {
      "Action" : 12,
      "Text" : "7"
    },
    "0xf728-0x0" : {
      "Action" : 11,
      "Text" : "0x4"
    },
    "0x32-0x200000" : {
      "Action" : 12,
      "Text" : "2"
    },
    "0x31-0x200000" : {
      "Action" : 12,
      "Text" : "1"
    },
    "0x36-0x200000" : {
      "Action" : 12,
      "Text" : "6"
    },
    "0xf739-0x0" : {
      "Action" : 13,
      "Text" : ""
    },
    "0xf728-0x80000" : {
      "Action" : 10,
      "Text" : "d"
    },
    "0x30-0x200000" : {
      "Action" : 12,
      "Text" : "0"
    },
    "0x2b-0x200000" : {
      "Action" : 12,
      "Text" : "+"
    },
    "0x35-0x200000" : {
      "Action" : 12,
      "Text" : "5"
    },
    "0x34-0x200000" : {
      "Action" : 12,
      "Text" : "4"
    },
    "0x2a-0x200000" : {
      "Action" : 12,
      "Text" : "*"
    },
    "0x2f-0x200000" : {
      "Action" : 12,
      "Text" : "\/"
    },
    "0x33-0x200000" : {
      "Action" : 12,
      "Text" : "3"
    },
    "0x2e-0x200000" : {
      "Action" : 12,
      "Text" : "."
    },
    "0x7f-0x80000" : {
      "Action" : 11,
      "Text" : "0x1b 0x7f"
    },
    "0x7f-0x100000" : {
      "Action" : 11,
      "Text" : "0x15"
    }
  },
  "Window Type" : 0,
  "Cursor Type" : 2,
  "Background Image Location" : "",
  "Blur" : false,
  "Badge Color" : {
    "Red Component" : 1,
    "Color Space" : "sRGB",
    "Blue Component" : 0,
    "Alpha Component" : 0.5,
    "Green Component" : 0.1491314172744751
  },
  "Initial Text" : "tmux",
  "Scrollback Lines" : 1000,
  "Send Code When Idle" : false,
  "Close Sessions On End" : true,
  "Terminal Type" : "xterm-256color",
  "Visual Bell" : true,
  "Flashing Bell" : false,
  "Silence Bell" : false,
  "Ansi 14 Color" : {
    "Green Component" : 0.59172064065933228,
    "Red Component" : 0.23945134878158569,
    "Blue Component" : 0.88674569129943848
  },
  "Name" : "Jack",
  "Cursor Text Color" : {
    "Green Component" : 1,
    "Red Component" : 1,
    "Blue Component" : 1
  },
  "Shortcut" : "A",
  "Cursor Color" : {
    "Green Component" : 0.73333334922790527,
    "Red Component" : 0.73333334922790527,
    "Blue Component" : 0.73333334922790527
  },
  "Transparency" : 0,
  "Ansi 1 Color" : {
    "Red Component" : 0.95686274509803926,
    "Color Space" : "sRGB",
    "Blue Component" : 0.30196078431372547,
    "Alpha Component" : 1,
    "Green Component" : 0.59607843137254901
  },
  "Ansi 0 Color" : {
    "Red Component" : 0.15294117647058825,
    "Color Space" : "sRGB",
    "Blue Component" : 0.17647058823529413,
    "Alpha Component" : 1,
    "Green Component" : 0.16078431372549021
  },
  "Link Color" : {
    "Red Component" : 0,
    "Color Space" : "sRGB",
    "Blue Component" : 0.73423302173614502,
    "Alpha Component" : 1,
    "Green Component" : 0.35916060209274292
  },
  "Guid" : "A4CBE6DE-F137-490E-B3F4-420F46A6C7DB",
  "Horizontal Spacing" : 1.01,
  "Use Non-ASCII Font" : false,
  "Ansi 6 Color" : {
    "Green Component" : 0.59607843137254901,
    "Red Component" : 0.10980392156862745,
    "Blue Component" : 0.90980392156862744
  },
  "Normal Font" : "RobotoMonoNF-Rg 15",
  "Ansi 3 Color" : {
    "Red Component" : 0.95686274509803926,
    "Color Space" : "sRGB",
    "Blue Component" : 0.49803921568627452,
    "Alpha Component" : 1,
    "Green Component" : 0.93725490196078431
  },
  "Ansi 2 Color" : {
    "Red Component" : 0.66666666666666663,
    "Color Space" : "sRGB",
    "Blue Component" : 0.45882352941176469,
    "Alpha Component" : 1,
    "Green Component" : 0.84313725490196079
  },